BTT,
001092025C000187,
001092025C000450,
001092025C000760,
001092025C001452,
001092025C001678,
001102025C000528,
001102025C000600,
001102025C000895,
001102025C001057,
001102025C001113,
001102025C001433,
001102025C001493,
001102025C001503,
001102025C001569,
001102025C001665,
001102025C001674,
001102025C001703,
001102025C001704,
001102025C001770,
001102025C001775,
001102025C001778,
001102025C001780,
001102025C001814,
001102025C001815,
001102025C001880,
001102025C001886,
001102025C001970,
001102025C002038,
001102025C002046,
001112025C000009,
001112025C000101,
001112025C000103,
001112025C000107,
001112025C000108,
001112025C000117,
001112025C000189,
001112025C000217,
001112025C000288,
001112025C000291,
001112025C000306,
001112025C000307,
001112025C000316,
001112025C000388,
001112025C000390,
001112025C000394,
001112025C000395,
001112025C000398,
001112025C000449,
001112025C000450,
001112025C000457,
001112025C000458,
001112025C000460,
001112025C000464,
001112025C000468,
001112025C000519,
001112025C000570,
001112025C000578,
001112025C000579,
001112025C000580,
001112025C000583,
001112025C000585,
001112025C000587,
001112025C000588,
001112025C000589,
001112025C000593,
001112025C000632,
001112025C000634,
001112025C000635,
001112025C000690,
001112025C000694,
001112025C000695,
001112025C000696,
001112025C000699,
001112025C000702,
001112025C000704,
001112025C000705,
001112025C000708,
001112025C000709,
001112025C000711,
001112025C000712,
001112025C000715,
001112025C000731,
001112025C000732,
001112025C000773,
001112025C000774,
001112025C000778,
001112025C000780,
001112025C000781,
001112025C000782,
001112025C000788,
001112025C000789,
001112025C000792,
001112025C000794,
001112025C000795,
001112025C000864,
001112025C000865,
001112025C000866,
001112025C000867,
001112025C000868,
001112025C000872,
001112025C000873,
001112025C000875,
001112025C000876,
001112025C000877,
001112025C000879,
001112025C000880,
001112025C000881,
001112025C000882,
001112025C000883,
001112025C000885,
001112025C000889,
001112025C000890,
001112025C000892,
001112025C000893,
001112025C000894,
